email, password, createdAt, updatedAt
Ralph83@yahoo.com,omOi5Y6VdkyBJA5,Sun Apr 12 2020 18:26:04 GMT-0700 (PDT),Sun Apr 12 2020 18:26:04 GMT-0700 (PDT)
Boris_Dach@hotmail.com,p_sTvhgjeHdzRbx,Sun Apr 12 2020 18:26:04 GMT-0700 (PDT),Sun Apr 12 2020 18:26:04 GMT-0700 (PDT)
Danial.Kovacek95@gmail.com,JYLWfr6TrUQnFYA,Sun Apr 12 2020 18:26:04 GMT-0700 (PDT),Sun Apr 12 2020 18:26:04 GMT-0700 (PDT)
Luisa_Prosacco@hotmail.com,gcv8oB5FooNmdXJ,Sun Apr 12 2020 18:26:04 GMT-0700 (PDT),Sun Apr 12 2020 18:26:04 GMT-0700 (PDT)
Tito.Padberg31@gmail.com,ffJFkrdKSMVJJaT,Sun Apr 12 2020 18:26:04 GMT-0700 (PDT),Sun Apr 12 2020 18:26:04 GMT-0700 (PDT)
Kelsi.Thompson@yahoo.com,LXnpOEdYJkM5xJX,Sun Apr 12 2020 18:26:04 GMT-0700 (PDT),Sun Apr 12 2020 18:26:04 GMT-0700 (PDT)
Van7@hotmail.com,zMNGeaB6Yn2KDf7,Sun Apr 12 2020 18:26:04 GMT-0700 (PDT),Sun Apr 12 2020 18:26:04 GMT-0700 (PDT)
Gerry_Fay89@hotmail.com,4U3gRTpp5d2ocW7,Sun Apr 12 2020 18:26:04 GMT-0700 (PDT),Sun Apr 12 2020 18:26:04 GMT-0700 (PDT)
Cameron_Heaney@gmail.com,mzIxAYtstoLYdIa,Sun Apr 12 2020 18:26:04 GMT-0700 (PDT),Sun Apr 12 2020 18:26:04 GMT-0700 (PDT)
Rhianna.Zboncak57@hotmail.com,V02LQzgGDx2Y0xT,Sun Apr 12 2020 18:26:04 GMT-0700 (PDT),Sun Apr 12 2020 18:26:04 GMT-0700 (PDT)
